{
    "2026-01-15":  {
                       "duration":  309,
                       "category":  "Cyberpunk 2077",
                       "date":  "2026-01-15",
                       "count":  1,
                       "title":  "Cyberpunk 2077 Live #12 | A las 23:00 evento CAPCOM de Resident Evil Re9uiem | NW cierra servers el 31 de Enero 2027"
                   },
    "2025-12-25":  {
                       "duration":  380,
                       "category":  "New World: Aeternum",
                       "date":  "2025-12-25",
                       "count":  1,
                       "title":  "New World Directo #952 y luego Night of the Dead Directo #62"
                   },
    "2026-01-17":  {
                       "duration":  398,
                       "category":  "New World: Aeternum",
                       "date":  "2026-01-17",
                       "count":  2,
                       "title":  "New World Aeternum | Directo #967 | NO CIERRA YA, QUEDA MÁS DE UN AÑO 🤦"
                   },
    "2025-12-11":  {
                       "duration":  523,
                       "category":  "New World: Aeternum",
                       "date":  "2025-12-11",
                       "count":  3,
                       "title":  "New World Directo #935 y luego los GOTY 2025 a las 01:00 AM"
                   },
    "2026-01-26":  {
                       "duration":  237,
                       "category":  "Cyberpunk 2077",
                       "date":  "2026-01-26",
                       "count":  1,
                       "title":  "Cyberpunk 2077 | Live #18"
                   },
    "2026-01-24":  {
                       "duration":  776,
                       "category":  "Night of the Dead",
                       "date":  "2026-01-24",
                       "count":  2,
                       "title":  "NOTD #79"
                   },
    "2025-12-22":  {
                       "duration":  732,
                       "category":  "Night of the Dead",
                       "date":  "2025-12-22",
                       "count":  3,
                       "title":  "Night of the Dead Directo #56 y después Euro Truck Simulator 2 Directo #5"
                   },
    "2026-01-09":  {
                       "duration":  592,
                       "category":  "Cyberpunk 2077",
                       "date":  "2026-01-09",
                       "count":  3,
                       "title":  "Cyberpunk 2077 | Directo 5 | Probando DLSS 4.5"
                   },
    "2026-01-04":  {
                       "duration":  135,
                       "category":  "Night of the Dead",
                       "date":  "2026-01-04",
                       "count":  1,
                       "title":  "Night of the Dead Directo #71"
                   },
    "2025-12-18":  {
                       "duration":  182,
                       "category":  "New World: Aeternum",
                       "date":  "2025-12-18",
                       "count":  1,
                       "title":  "New World Directo #942 y luego pruebo Euro Truck Simulator con mods de Coruña y Santiago"
                   },
    "2025-12-05":  {
                       "duration":  630,
                       "category":  "Soulframe",
                       "date":  "2025-12-05",
                       "count":  2,
                       "title":  "SOULFRAME | Directo #1"
                   },
    "2025-12-15":  {
                       "duration":  465,
                       "category":  "New World: Aeternum",
                       "date":  "2025-12-15",
                       "count":  3,
                       "title":  "New World Aeternum Directo #939 y depués ya veremos"
                   },
    "2026-01-25":  {
                       "duration":  473,
                       "category":  "New World: Aeternum",
                       "date":  "2026-01-25",
                       "count":  2,
                       "title":  "NW Aeternum | Directo #971 | MALAS NOTICIAS... Britney Spears vuelve a los escenarios este 2026"
                   },
    "2026-01-12":  {
                       "duration":  259,
                       "category":  "Cyberpunk 2077",
                       "date":  "2026-01-12",
                       "count":  1,
                       "title":  "Cyberpunk 2077 | Directo #10 | Noob juegando en Máxima Dificultad | ☠️ Contador de muertes ☠️"
                   },
    "2025-12-28":  {
                       "duration":  604,
                       "category":  "New World: Aeternum",
                       "date":  "2025-12-28",
                       "count":  2,
                       "title":  "New World Directo #956 y luego Night of the Dead Directo #66"
                   },
    "2026-01-28":  {
                       "duration":  348,
                       "category":  "Night of the Dead",
                       "date":  "2026-01-28",
                       "count":  1,
                       "title":  "NOTD Directo #81 y luego Cyberpunk 2077 | Live #20 | FINAL HISTORIA PRINCIPAL"
                   },
    "2026-01-02":  {
                       "duration":  346,
                       "category":  "New World: Aeternum",
                       "date":  "2026-01-02",
                       "count":  1,
                       "title":  "New World Directo #960 y luego Cyberpunk 2077 Directo #2"
                   },
    "2026-01-18":  {
                       "duration":  576,
                       "category":  "Night of the Dead",
                       "date":  "2026-01-18",
                       "count":  1,
                       "title":  "NOTD #77 y a las 21:00 New World Aeternum | Directo #969"
                   },
    "2026-01-13":  {
                       "duration":  283,
                       "category":  "Cyberpunk 2077",
                       "date":  "2026-01-13",
                       "count":  1,
                       "title":  "Cyberpunk 2077 | Directo #11 | Noob juegando en Máxima Dificultad | ☠️ Contador de muertes ☠️"
                   },
    "2026-01-22":  {
                       "duration":  246,
                       "category":  "Cyberpunk 2077",
                       "date":  "2026-01-22",
                       "count":  1,
                       "title":  "Cyberpunk 2077 | Live #16"
                   },
    "2025-12-04":  {
                       "duration":  295,
                       "category":  "New World: Aeternum",
                       "date":  "2025-12-04",
                       "count":  2,
                       "title":  "New World Aeternum | Directo #924"
                   },
    "2025-12-24":  {
                       "duration":  584,
                       "category":  "Night of the Dead",
                       "date":  "2025-12-24",
                       "count":  3,
                       "title":  "Night of the Dead Directo #60 y luego New World Directo #951"
                   },
    "2026-01-16":  {
                       "duration":  407,
                       "category":  "Cyberpunk 2077",
                       "date":  "2026-01-16",
                       "count":  1,
                       "title":  "Cyberpunk 2077 | Live #13"
                   },
    "2025-12-07":  {
                       "duration":  497,
                       "category":  "New World: Aeternum",
                       "date":  "2025-12-07",
                       "count":  6,
                       "title":  "NW Directo #928 luego SOULFRAME RPG Online Cooperativo | Directo #2 | DROPS KEY 30 minutos"
                   },
    "2026-01-19":  {
                       "duration":  266,
                       "category":  "Cyberpunk 2077",
                       "date":  "2026-01-19",
                       "count":  1,
                       "title":  "Cyberpunk 2077 | Live #14 | Hoy un buen PUSH a las misiones principales"
                   },
    "2025-12-21":  {
                       "duration":  633,
                       "category":  "Night of the Dead",
                       "date":  "2025-12-21",
                       "count":  3,
                       "title":  "Night of the Dead Directo #54 y luego New World Directo #948"
                   },
    "2025-12-20":  {
                       "duration":  469,
                       "category":  "New World: Aeternum",
                       "date":  "2025-12-20",
                       "count":  2,
                       "title":  "New World Directo #945"
                   },
    "2025-12-03":  {
                       "duration":  283,
                       "category":  "New World: Aeternum",
                       "date":  "2025-12-03",
                       "count":  1,
                       "title":  "New World Aeternum | Directo #923"
                   },
    "2026-01-10":  {
                       "duration":  726,
                       "category":  "Cyberpunk 2077",
                       "date":  "2026-01-10",
                       "count":  4,
                       "title":  "Cyberpunk 2077 | Directo #8"
                   },
    "2025-12-29":  {
                       "duration":  326,
                       "category":  "Night of the Dead",
                       "date":  "2025-12-29",
                       "count":  3,
                       "title":  "Night of the Dead Directo #68"
                   },
    "2026-01-07":  {
                       "duration":  297,
                       "category":  "New World: Aeternum",
                       "date":  "2026-01-07",
                       "count":  8,
                       "title":  "New World Aeternum | Directo #963"
                   },
    "2025-12-26":  {
                       "duration":  660,
                       "category":  "New World: Aeternum",
                       "date":  "2025-12-26",
                       "count":  2,
                       "title":  "New World Directo #95 y luego Night of the Dead Directo #63"
                   },
    "2025-12-19":  {
                       "duration":  335,
                       "category":  "New World: Aeternum",
                       "date":  "2025-12-19",
                       "count":  2,
                       "title":  "New World Directo #943 y luego Euro Truck Simulator 2 Directo #2 de Salamanca a Sevilla"
                   },
    "2026-01-14":  {
                       "duration":  306,
                       "category":  "Night of the Dead",
                       "date":  "2026-01-14",
                       "count":  2,
                       "title":  "NOTD Directo #76 y luego Cyberpunk 2077 | Directo #12"
                   },
    "2025-12-31":  {
                       "duration":  184,
                       "category":  "New World: Aeternum",
                       "date":  "2025-12-31",
                       "count":  1,
                       "title":  "New World Directo #959 y luego Night of the Dead Directo #70"
                   },
    "2026-01-01":  {
                       "duration":  273,
                       "category":  "Cyberpunk 2077",
                       "date":  "2026-01-01",
                       "count":  1,
                       "title":  "Cyberpunk 2077 | Directo #1 | Mañana NW y usa !vote para elegir el siguiente juego"
                   },
    "2026-01-06":  {
                       "duration":  245,
                       "category":  "Night of the Dead",
                       "date":  "2026-01-06",
                       "count":  3,
                       "title":  "Night of the Dead | Directo #74"
                   },
    "2026-01-23":  {
                       "duration":  396,
                       "category":  "Cyberpunk 2077",
                       "date":  "2026-01-23",
                       "count":  1,
                       "title":  "Cyberpunk 2077 | Live #17"
                   },
    "2025-12-27":  {
                       "duration":  418,
                       "category":  "New World: Aeternum",
                       "date":  "2025-12-27",
                       "count":  2,
                       "title":  "New World Directo #955 y luego Night of the Dead Directo #64"
                   },
    "2026-01-20":  {
                       "duration":  261,
                       "category":  "Cyberpunk 2077",
                       "date":  "2026-01-20",
                       "count":  1,
                       "title":  "Cyberpunk 2077 | Live #15"
                   },
    "2026-01-27":  {
                       "duration":  104,
                       "category":  "Cyberpunk 2077",
                       "date":  "2026-01-27",
                       "count":  1,
                       "title":  "Cyberpunk 2077 | Live #19 | FINAL HISTORIA PRINCIPAL"
                   },
    "2025-12-10":  {
                       "duration":  481,
                       "category":  "New World: Aeternum",
                       "date":  "2025-12-10",
                       "count":  4,
                       "title":  "New World Directo #933"
                   },
    "2026-01-08":  {
                       "duration":  396,
                       "category":  "New World: Aeternum",
                       "date":  "2026-01-08",
                       "count":  2,
                       "title":  "New World Aeternum | Directo #964"
                   },
    "2026-01-11":  {
                       "duration":  569,
                       "category":  "New World: Aeternum",
                       "date":  "2026-01-11",
                       "count":  3,
                       "title":  "New World Aeternum #967 y luego Night of the Dead #75"
                   },
    "2025-11-30":  {
                       "duration":  547,
                       "category":  "New World: Aeternum",
                       "date":  "2025-11-30",
                       "count":  3,
                       "title":  "New World Aeternum | Directo #922"
                   },
    "2026-01-05":  {
                       "duration":  195,
                       "category":  "Night of the Dead",
                       "date":  "2026-01-05",
                       "count":  6,
                       "title":  "Night of the Dead | Directo #72 | Construyendo el Bernabeu"
                   },
    "2026-01-21":  {
                       "duration":  267,
                       "category":  "Night of the Dead",
                       "date":  "2026-01-21",
                       "count":  1,
                       "title":  "NOTD #78 y luego Cyberpunk 2077 | Live #16"
                   },
    "2025-12-30":  {
                       "duration":  567,
                       "category":  "New World: Aeternum",
                       "date":  "2025-12-30",
                       "count":  2,
                       "title":  "New World Directo #958 y luego Night of the Dead Directo #69"
                   },
    "2026-01-03":  {
                       "duration":  535,
                       "category":  "New World: Aeternum",
                       "date":  "2026-01-03",
                       "count":  2,
                       "title":  "New World Directo #961 y luego Cyberpunk 2077 Directo #3"
                   },
    "2025-12-06":  {
                       "duration":  626,
                       "category":  "New World: Aeternum",
                       "date":  "2025-12-06",
                       "count":  2,
                       "title":  "NW Directo #927 luego SOULFRAME RPG Online Cooperativo | Directo #2 | DROPS KEY 30 minutos"
                   },
    "2025-12-14":  {
                       "duration":  276,
                       "category":  "New World: Aeternum",
                       "date":  "2025-12-14",
                       "count":  2,
                       "title":  "New World Aeternum Directo #937"
                   },
    "2025-12-09":  {
                       "duration":  363,
                       "category":  "New World: Aeternum",
                       "date":  "2025-12-09",
                       "count":  2,
                       "title":  "New World Aeternum Directo #931"
                   },
    "2025-12-08":  {
                       "duration":  491,
                       "category":  "New World: Aeternum",
                       "date":  "2025-12-08",
                       "count":  4,
                       "title":  "New World Aeternum Directo #930"
                   },
    "2025-12-12":  {
                       "duration":  186,
                       "category":  "New World: Aeternum",
                       "date":  "2025-12-12",
                       "count":  1,
                       "title":  "New World Directo #936 y luego KCD2 Directo #10"
                   },
    "2025-12-16":  {
                       "duration":  477,
                       "category":  "New World: Aeternum",
                       "date":  "2025-12-16",
                       "count":  3,
                       "title":  "New World Aeternum (pero no mucho) Directo #941"
                   },
    "2025-12-23":  {
                       "duration":  791,
                       "category":  "Night of the Dead",
                       "date":  "2025-12-23",
                       "count":  3,
                       "title":  "Night of the Dead | Directo #59 | Powered by Radio Ukraina"
                   }
}
